x,y,z
-31.690519322291195,-40.44949450061942,1.6696195267432186
49.18349540491112,-40.22989609406818,20.000000000000004
-42.26661143000532,-59.226088648182525,12.313956568768427
-44.0376385897061,-9.82730418294621,11.473878715115578
-10.774367736514082,-41.125999450683594,7.619417305597331
-31.045340051065118,-40.663500617608705,12.584184064498228
-33.24883814773362,-18.363333935011127,6.288419299495429
-43.51238714196169,-13.00143835811862,0.0
20.16935237677014,-33.124000549316406,8.979735233528704
49.97021583422331,-41.12599945068359,13.067779939539964
54.57475494129695,-33.124000549316406,17.078279177862267
5.168289312905927,-41.125999450683594,4.657766141628373
-58.90899171614353,-11.381805939105313,0.4794655473209666
58.972214087837564,-33.124000549316406,12.917571197130087
23.632336243448627,-38.0613698063008,20.0
60.95932593363095,-41.125999450683594,10.446667966100565
-55.359869730308475,-7.534483941586833,16.19901830248055
-33.43172421099959,-51.85955400951582,10.449587976621128
-33.30344454977691,-51.70321797913381,6.937574435955821
-79.70907813171885,-38.46558469721856,8.29377759995464
39.90471628149865,-36.318731809185614,0.0
-59.92310387012228,-7.984427877648408,14.155827719402986
-82.040809352532,-39.66715270786658,16.21761742433294
-82.1878511303426,-31.824115691489496,8.04743901395876
25.837320261872435,-41.125999450683594,17.346856531866266
-44.02624927033334,-60.16661007759838,8.054605610900294
44.061037829888654,-33.124000549316406,9.812609987974115
-60.60738866215051,-61.898471285585316,11.601401415722874
-14.061292323317351,-33.00299835205078,5.3232229954561
-73.86845307882461,-51.152640362786414,9.145261334992266
-19.306535114198137,-25.92226266133592,3.812954771348539
-4.689358534378976,-33.124000549316406,6.9915253123308325
-78.97208156674223,-34.6859353945546,0.20539540670226678
49.73229672419765,-36.82949349735599,0.0
-46.41758351125451,-11.800901448368965,11.51246806078828
9.711689689636724,-36.33285394431661,0.0
-71.52586959872147,-53.40299668684294,10.821487694499766
-21.233702960801104,-29.699511192966586,0.0
-78.08674262501,-20.13499618312732,13.817301098927754
-75.81121012752355,-49.547654939415054,2.5475915123329673
75.39281316211954,-37.25870365455631,17.526228283998535
-33.05854879053672,-47.39621452171484,4.501985813650185
53.07383464966944,-41.0176850220963,20.0
-64.44592473647839,-9.265961939201507,2.494053183819814
-76.74881105767098,-46.34135937371138,13.233483904717161
9.666055785534198,-41.1259994506836,5.98694727053878
68.9858833681568,-41.125999450683594,16.72642279901807
-2.60030833360816,-41.125999450683594,2.4681317853612983
-74.70608206266917,-15.870966636682175,8.689281442065333
-58.51925727572574,-7.846005819310811,17.812758701739483
-31.025919119921813,-34.70622593019328,0.8317474976602935
-4.718079414522297,-33.124000549316406,16.670216090428127
-1.4514622676145512,-33.124000549316406,8.418744505661522
21.00505827412406,-36.44693807486033,20.0
-45.09301788833246,-60.594175378930146,12.73382071829798
42.80919901209408,-37.354227251010755,0.0
70.52832478116278,-33.124000549316406,2.3811302527468783
-78.44531143928829,-41.1955239707337,17.13538545960675
-63.52088560930449,-60.21685909965106,20.000999450683594
-57.68049011244976,-62.236698047846815,12.922472846197286
-54.751307699197994,-62.476477918717706,14.620767742056033
-76.12975533163804,-17.606017419438405,5.508392212902377
-79.45652281781335,-37.29651399928858,13.056084303065067
-41.2831101316602,-11.299591270112028,2.165036875877642
-40.42915803059015,-58.24397502338071,16.25057964247809
-79.12952026332394,-37.53295004958486,17.096317376612465
-21.890186428872457,-27.059628805615937,8.021814030675742
33.07264617659961,-33.1240005493164,19.014247880032684
-34.71162503252527,-49.908626704115676,4.9187709760077585
-17.744255607006686,-41.125999450683594,15.775339735041378
-36.5762944572871,-51.06467679905546,14.477346676733953
-80.3213781253788,-45.68418537015868,8.453233242352564
-37.36584515563226,-14.259841180002324,20.000999450683594
-30.313926205010894,-30.996999740600586,12.991970017694122
78.71995655464352,-38.41158283889485,12.153477690551542
-58.88657346387387,-10.129885901108619,5.652154120123238
-61.42875302386549,-10.639472457403121,4.583397252618589
-77.09568781139721,-22.849951732582348,4.186555261379924
-37.59627295396345,-56.12176110776653,9.816193388794817
19.41779417138546,-41.125999450683594,8.78395885735805
-29.64571990088448,-45.62263213987456,17.017795975413666
-2.5823563196002777,-40.04270248288998,20.0
6.797357154688701,-41.125999450683594,8.236635296792926
-2.7544490238155657,-41.125999450683594,8.140235952842167
-10.49018399604742,-33.00299835205078,4.556074619875987
-17.36740321728473,-26.915476616893915,17.032905839028835
-78.9806358917848,-40.35209184156996,13.394571795544508
-20.58228502589508,-41.125999450683594,16.94761747587555
-30.065961731123313,-45.830642888388304,0.0
-57.201941783449186,-58.78623725281301,0.3515175827189465
13.75306437758777,-33.124000549316406,11.136055011775404
-41.22234381007078,-11.332070684274314,13.164047949505875
-27.52323012607256,-30.996999740600586,2.8950459770363763
-13.91895377518079,-37.65429913024505,20.0
-30.72005044927453,-40.98749813620635,20.000999450683594
-23.63937016785497,-40.99430323619344,0.0
-18.518681501582613,-38.55298278021465,20.0
56.18880802033213,-41.125999450683594,13.91349736502365
-82.1470101384663,-31.409914953951954,0.5773488350412115
8.104417422279496,-36.04993759461638,19.999999999999996
-37.357082759722395,-14.07450341879601,10.31240422910566
-65.54813293464005,-60.394103609154726,6.642449168058166
1.2959870024347886,-33.124000549316406,2.833925840999231
-52.95831037756258,-9.429076812683356,0.0
24.360910283715,-33.124000549316406,4.4112491579649715
-50.6997037822631,-11.147241618093231,1.996999979019165
-27.532414727940278,-21.709007838287448,2.0308458357132526
-35.18488549283102,-20.74538481747674,15.293480733594759
38.81151180238069,-41.125999450683594,1.5298917396111482
6.967167001017668,-40.080548738854844,20.0
37.88802328134581,-41.125999450683594,9.508012611291331
-51.35789811900789,-62.141881305852635,16.352492112138567
-45.496741745793756,-9.283355187459614,8.006509741205022
77.15538790846675,-41.125999450683594,7.735686688441586
16.653391940554915,-39.30336330349276,0.0
-20.30222963386281,-26.28905350596944,0.0
-46.473747534206254,-12.168871171197223,16.4207083381121
32.41683233975617,-33.124000549316406,11.266582906998229
32.60987515267038,-41.125999450683594,5.983739429382059
48.77851738751151,-35.669863642432176,20.0
-46.952145827737,-61.158147970456625,17.260110328705643
64.59316819800603,-41.125999450683594,8.220209553003663
-20.93527172365725,-35.75862021727593,9.599409911924809
-51.22624426090616,-62.12889998604714,0.39132959781951154
-27.39911111365619,-30.996999740600586,12.45048196187987
-26.078421485371038,-24.473949683756807,0.0
-35.203194707315056,-15.981532259284114,8.64710013495719
-80.89821487551536,-26.09528785118071,17.927469938708043
36.2988169959056,-33.124000549316406,2.0458719903053026
51.537513126329266,-33.124000549316406,19.82923504384238
62.73634150090089,-33.124000549316406,9.94013236021469
-23.864950900832888,-33.27708298497748,0.0
-82.49515972064182,-34.940774687900564,0.06407346985325268
-54.95340042001664,-9.585604475652811,3.1129611891478426
-36.05528899438109,-50.07981421826102,17.35999057658226
65.41097463866512,-33.124000549316406,18.090319058952296
-61.80867276125757,-11.091816843741434,8.967652216072434
53.60722331823456,-33.124000549316406,7.558138856303595
-16.34505464551125,-29.20450115656221,20.000999450683594
-31.620164961489643,-25.22156019081433,3.531372961951158
20.960712685660535,-41.125999450683594,15.283715935750786
-58.15179817757583,-10.329916994612633,9.192701422402127
66.77390249658322,-41.125999450683594,13.398051806039351
2.7505788317321853,-33.124000549316406,9.469883292227868
-57.77455917828328,-10.870923474523403,16.812276351491967
-28.704035669874557,-42.593540256488005,3.581774761448315
-17.800989990509045,-33.00299835205078,7.265472296034175
-29.255961764316936,-30.996999740600586,16.35021136789786
-63.32623650540347,-61.07370043586415,10.05197450211122
-46.85678673346736,-58.97643429106087,3.1918497895986526
41.64349477172595,-41.125999450683594,15.405518015462304
-79.19154490075873,-47.79800992866561,15.903974316252363
17.761973501645695,-33.124000549316406,2.010334932866953
-15.48610157771359,-40.69855529702663,20.0
-35.665068029563194,-50.270763558357324,11.727521759723196
17.152410660864188,-41.125999450683594,18.051858284135662
-48.06606651108115,-12.140828496576482,0.39896873095756813
6.4424082325007594,-33.124000549316406,3.1559966438331446
62.65429073483672,-33.946042336382746,0.0
31.897291139234323,-39.424408704721785,0.0
-44.192532341343465,-60.25548790691635,4.226702371941092
-8.68050309575748,-36.19460158548032,0.0
-43.67106921471159,-56.50903698518525,16.141916074160243
-56.22580824294805,-62.38013243583609,9.698923000584152
-75.9925413441779,-47.27546929623841,16.450566442922916
66.63454083741077,-37.410002763195294,0.0
-56.7657576970705,-61.18754910340283,20.000999450683594
-26.816451516253963,-33.00299835205078,18.166334823976644
-69.65913003596818,-15.611584634976172,16.30599136761658
-38.771917562825415,-12.913578278478676,0.4573142084590775
-70.31850379466668,-12.16723481076979,5.0222209247332295
-28.50308439620298,-37.459757092511374,20.000999450683594
46.83969346683076,-41.125999450683594,11.747896082964658
78.79997777261332,-37.67273807902291,7.999919950186091
-25.939597024627265,-26.249000549316406,9.638562481760335
3.830309095507778,-35.467610284295056,20.000000000000004
-73.37566063155872,-50.83017665879031,0.0
-47.01722458817611,-8.82211114077003,16.01303559290599
11.183636855493631,-41.125999450683594,17.597962956000035
-79.37533110331498,-34.76922197004035,16.640445496695406
60.74304712441171,-33.124000549316406,19.36159449856734
-78.73637344720099,-48.649598088666146,7.0016416439381075
72.373973079042,-41.125999450683594,4.156635062643337
-57.473059447388195,-59.042933581852445,18.314969073105082
12.81226816475368,-40.778745201407034,0.0
-60.51621934978146,-58.726103556118204,20.000999450683594
40.501839762415045,-33.124000549316406,8.642303521529636
-73.22398305290105,-14.551289760617681,6.209167647781917
44.437163179667635,-41.12599945068359,2.3455193782233335
-69.92181209284266,-55.05770231291653,7.190561328025551
-10.497091971643947,-33.00299835205078,19.591192384197736
64.28531100417513,-41.12599945068359,11.044847423763873
31.821563516169235,-41.125999450683594,12.06045438144347
70.94799107666418,-33.124000549316406,16.743350914758846
-74.73418807876756,-54.09477928999508,10.725172705242686
-69.32088928448756,-58.377574434262556,19.62964694639528
-75.20075849454932,-53.52616344425863,18.237469170470575
-5.363912494433926,-41.125999450683594,14.211774556919508
-52.96710553265552,-7.699447498626901,9.090110153880627
2.7083647284200225,-39.033440026026874,20.0
-32.86631522933757,-45.57941119470222,13.347775169878572
60.3284061759708,-41.125999450683594,17.93034532950728
74.18097061721674,-33.124000549316406,14.17955870295056
-29.62544912375347,-45.58470716320592,13.053941524471378
-3.9928530399485815,-41.04037162078832,0.0
12.8014587217293,-33.124000549316406,1.406436323137769
32.091279950710835,-33.124000549316406,0.8246177752852053
-30.118908118520718,-39.53631293534085,4.7172298556663925
-36.247240344635216,-54.43553097022331,20.000999450683594
-35.75241209813265,-49.200821428716964,1.9384905406699124
0.1411547203734571,-41.005815762930034,0.0
-27.65327821144888,-24.009173599486672,7.493386368403513
-19.799548327845688,-26.249000549316406,10.355558398991906
-71.06538903121746,-15.990749192624769,8.423209370337684
63.98016389074189,-33.124000549316406,15.06240951750476
-53.48420175080478,-58.85378182998471,1.2581234682713585
78.26502484134605,-33.124000549316406,10.177849013815232
65.11533989421027,-33.124000549316406,7.570142185936637
-54.685980838860964,-9.976077193157668,7.955511717498835
38.82275943495035,-40.719345937461085,20.0
58.2481802895727,-33.124000549316406,4.047769120220708
-21.068740880717673,-28.83657294511658,10.899006431692962
-79.6587875181609,-32.53471999265524,1.996999979019165
-74.81810808773074,-20.508378557171326,1.9969999790191648
-8.325956865854074,-35.51807424642338,20.0
-38.423591799890495,-13.199392660712187,16.897138078844343
-25.84801577078265,-41.125999450683594,3.1071937099172824
-57.65126273213073,-59.62619586063069,10.379784036839677
47.33035589665382,-41.125999450683594,2.4372648700442996
71.0242626739297,-40.76033511543,19.760759005825197
55.82426693905067,-41.125999450683594,1.6442107534218424
-31.809342849261327,-28.558354360381163,19.48512410272099
-34.2433889174992,-17.15126100061752,3.7245035092259284
-10.20589367662671,-33.00299835205078,0.4856477839663058
-12.745131002627978,-37.72334573207659,0.0
-70.05632284058673,-15.573320118066174,12.578364245446748
-78.14117759068559,-49.763160330604,13.8532044119545
-27.60184405228692,-33.00299835205078,9.009098834237776
-78.09369129379863,-25.95274637600418,11.15023361882817
-74.05061676670864,-15.229573796385239,2.9248003821768997
10.134250229555235,-33.124000549316406,2.6672933553861076
12.08140136023685,-41.125999450683594,3.335200482265139
-75.29226484941177,-48.80511718351241,14.137493446766394
15.761425344122587,-33.124000549316406,19.098920789822998
-28.800103925168607,-21.059703451588142,9.885805131600115
16.3152268519182,-33.124000549316406,6.422386301691002
-25.265982874768355,-22.86986281150803,3.7160687399054964
-44.524768258676765,-12.880202144448607,14.149213930652428
13.26907659725025,-33.124000549316406,14.551697277381011
41.405371918221306,-41.125999450683594,11.667358127035916
1.56424920407635,-33.124000549316406,15.234356099462227
-51.1468039432171,-7.8789328453955605,5.922782780509323
-66.3107741810596,-13.871051783223795,1.996999979019165
0.5388115513890952,-41.125999450683594,14.626122812236773
-74.21563115301393,-54.635024848421295,7.077763934990402
-76.46402436209067,-22.068853723564537,6.867559386901291
-79.69166321329675,-32.09931890442005,20.000999450683594
-79.651630458125,-23.539119876808932,20.000999450683594
-2.487094319691552,-33.124000549316406,14.597664325583114
-17.616282565171712,-38.120859974953945,0.0
51.83087307869399,-38.14758306364438,20.0
-56.77810727265933,-7.674324975933072,11.885757343358371
-81.43484319404979,-27.864272764537912,14.862974253856127
78.26320898319628,-34.50379110469613,6.3001693224725255
-22.30767984367877,-37.94469297996549,7.771763067572422
-16.00827472542765,-41.125999450683594,7.4196717166518065
54.30958385038274,-35.84209671278995,20.0
12.358904923649154,-41.125999450683594,14.632274594635927
-62.31777509480823,-12.257268758106761,1.7445903060979426
-81.91126280539407,-40.56522092467637,19.90831127201167
-60.381276664826096,-8.03293695108057,7.2003427863262885
-79.59911193555482,-22.96451299842386,14.08814324487011
29.205522123050486,-41.125999450683594,16.654155025138127
-28.358782157242597,-33.026449935364056,0.0
19.73809714572455,-33.124000549316406,4.962681899931651
-17.5897404070417,-33.00299835205078,2.8590664313965584
-30.070945328004242,-30.683017341164554,4.34901649577859
-34.36960069920232,-53.00255583659203,15.317645087799812
-29.72286508627681,-26.726700907902636,0.0
12.128304045010605,-41.125999450683594,10.818045841560325
-76.26051177244622,-52.23462740596595,12.37136420026537
-48.45485720297246,-10.97154327316178,8.400630938273688
70.82079566496301,-33.124000549316406,11.43048297608463
-58.507383179069876,-10.664141789715885,13.18474399882598
-79.94887214342359,-23.618885169682606,9.393764906883662
-62.99541460800309,-58.888794002552686,4.8555234062829555
-41.982787826389284,-59.07438573792621,1.4118194131512476
-59.219995955095484,-59.94950227452068,4.19566476946411
-41.37992517636687,-58.75215736323131,4.584560904202915
-11.741963939871543,-41.125999450683594,15.932839223234218
-70.82676727984033,-16.857893834123292,19.380565187330227
-42.0044821033111,-13.596861781000413,7.192795173441226
-23.92847207690413,-26.894520174757975,12.341737439225334
-75.92583888860861,-23.475441360322485,0.5408645929481699
16.570043080666423,-41.125999450683594,13.569221330474146
8.012391562532539,-41.125999450683594,16.897618710794397
-67.41733885682585,-10.604983978132422,3.505130471558437
15.254991352404367,-33.124000549316406,3.3639094057392147
-48.902459610883675,-8.250218182430485,7.925940570504818
-16.285043360469615,-35.3733329187403,0.0
-44.200555221092664,-60.25977611336248,19.97298895839362
-32.33644420321846,-19.24840787038043,17.633272592592885
-61.01979535112129,-11.484799773097746,16.888027041217423
69.617716820968,-34.280774577447005,19.935651496336195
76.04602598001387,-33.124000549316406,16.748705135162677
27.611906798140456,-33.124000549316406,19.094352617973662
77.17291024981446,-40.830818721391424,4.253354898914058
-32.207641662235716,-21.85385925679241,20.000999450683594
-74.07644917143854,-20.03239122922841,16.940847622533262
-71.08776283208753,-53.101095890261604,17.61540477480513
-38.50738821183706,-56.869365843087266,13.840417989737963
-45.68368542553127,-12.733011202035595,19.501691111481662
-77.0805495131369,-46.80191975686571,20.000999450683594
19.01466664651552,-33.124000549316406,16.142197824522917
-76.38562407469054,-47.76223564448351,8.828333180234269
-69.14876660651899,-58.46957359074089,5.271896755148536
-2.6918191013262476,-41.125999450683594,15.246298520628578
-32.64668120868342,-24.366544729329256,0.0
-70.55859314499381,-12.364237147795928,9.391275540630078
-43.40915173630688,-59.83677319782126,15.393829541728948
35.02694077979347,-41.125999450683594,19.784026233777695
48.96433368925303,-33.58223925230801,0.0
33.24821580800659,-38.708599638538736,20.0
-82.38109307858653,-36.21606560304322,8.873415113290616
-40.80865709324678,-11.553184976825168,16.761214492023402
71.40343752462226,-33.124000549316406,7.915360694632556
-34.134309209904,-21.277883939584907,8.911732933368096
-75.94254852040164,-52.622133637306234,4.356498566596317
25.029743594710816,-41.125999450683594,5.234766664062515
5.050779137970665,-40.1909061536003,0.0
26.34500063351657,-36.834286238778695,0.0
-36.52745802164554,-51.66994936085058,8.894295527599
-66.46289289964524,-56.547964994389545,20.000999450683594
-25.552219848247606,-33.38018099166232,11.044790934291736
28.01656030988005,-33.124000549316406,9.753649310149882
-80.04378972610323,-23.796468048670416,4.386603343735276
3.5174597795014364,-41.125999450683594,14.406472625019006
-61.20655163340709,-59.209097470629786,7.336199825115026
-15.003000259399414,-28.335835258769716,15.65671478095774
9.61563804871027,-40.90649204092322,0.0
55.816776948514956,-33.124000549316406,11.0541078248605
-71.92423483124634,-56.51520271378594,16.079444815106417
-49.94378370819517,-58.42878296925065,0.834965449777386
39.55556312199616,-33.1240005493164,0.23016665778371326
32.16986589753835,-33.124000549316406,4.944493320071796
4.7754490411305595,-41.125999450683594,18.10423538991189
10.243406249869512,-33.124000549316406,9.660658939183755
-49.01630116614368,-61.784316299618126,14.864601427052426
36.36562241116648,-36.50288089895837,20.0
-30.87338823298301,-39.047222232418534,15.297570418696871
-48.70898015848354,-11.805475567574387,20.000999450683597
-32.15157163828586,-45.281769164779135,6.727537252176237
-31.735719518921297,-19.556096011406805,3.0670513895938205
-2.5764466286363525,-38.29065618474384,0.0
-29.116193224736865,-34.47259614275794,20.000999450683594
-6.451256498644356,-41.125999450683594,2.604093772208394
72.96495599173213,-37.930678454030996,19.11267243106886
-38.92716450678634,-12.786192325145898,7.595343957340808
-79.08228916686224,-30.091253509730436,13.726891281296771
62.21519613560559,-40.032575309385784,0.0
-68.9432136125207,-54.66246783872873,19.483727904750623
-74.36071666373084,-15.484022418707305,19.890376826260436
69.68561633821987,-41.125999450683594,12.52742245852485
41.29804111042935,-33.124000549316406,12.112411850821818
-2.4721651782877503,-33.124000549316406,18.90921475342637
13.200331471966367,-33.124000549316406,17.854506138061648
-21.29539235902179,-35.11135842100377,20.0
55.07207503632703,-41.12599945068359,16.77175408134127
-62.81791741964476,-12.216984582145635,19.637109606432933
21.62135259526743,-33.124000549316406,17.200810501515797
-41.6707084250305,-13.521917936390174,4.265481684763667
-37.778014149033304,-18.330455039138716,0.04874063183054963
-39.872649085796226,-55.058692216237795,5.455449463105474
-52.58149792742023,-10.850840209098799,16.97547881466154
-58.881174215689406,-11.19416925447319,19.74647913233219
-60.63795583536229,-58.480500855690224,0.0
-5.892089257419739,-37.68273387148811,20.0
-55.15824105924773,-10.198426317936857,11.08762917218427
-19.655130798182185,-33.239692318904154,0.0
-51.52775345124524,-59.90852927250478,5.6470730886276135
-21.568040245942836,-33.00299835205078,2.315770482640769
-73.66932850813185,-19.053917702252114,12.935577039833754
-19.745176788927942,-30.996999740600586,16.87430644420249
41.71870464029083,-41.125999450683594,3.669514722776957
-17.154537177426917,-33.00299835205078,17.85411391155596
22.606635673677665,-41.125999450683594,11.828688247054142
-21.708858609250516,-26.22980572215212,14.067280224403067
-57.39200925423216,-7.7348569288159785,7.796546743284106
-47.838144458648664,-58.9719166955788,6.855500212762023
66.78543369069337,-36.228242941522744,20.000000000000004
-60.542649054720755,-8.081889821200031,10.840587536528124
7.109563742407581,-34.569489204328704,0.0
-79.56558353605931,-32.912891310422395,11.869550432730145
-24.572791085544523,-30.48640972855422,20.000999450683594
-82.33451497469876,-36.688451090171924,15.96555328056721
68.09051263945905,-33.124000549316406,16.886907636012296
55.24434919874519,-33.51370847023268,0.0
-25.52160192362474,-36.66441631486953,11.159128016924141
5.001007496782858,-33.124000549316406,13.79640710879357
-80.234243378428,-34.44090163576593,4.8751556220646535
27.3407594553776,-33.124000549316406,2.4212448389889025
-77.31149479652275,-25.27698275659151,16.487608565967165
40.3356507345779,-38.106889692518706,20.0
-30.041231220814314,-46.3626016774794,3.754416322021891
-31.108784654786223,-27.23110152472462,5.656194140596451
-25.3032468402698,-41.125999450683594,12.174148571306741
34.94546504439406,-33.124000549316406,16.130573408623256
-33.92081946943488,-48.0707619133106,10.559047264674938
-80.80906512502769,-25.80140741625888,11.77743848564073
56.07134702052173,-41.125999450683594,5.207385269261506
74.19730465505971,-36.24458219163663,1.4397492530665423
-11.370685753442823,-41.125999450683594,19.856286826732376
-17.850643403712535,-26.667963135533995,13.8623939240269
-57.9290094734277,-62.21219356807518,5.516317933007382
-63.40955102872516,-8.951574406464434,13.744076576834377
-32.1773059392325,-20.586432550028384,0.0
-68.80885616757647,-11.348746347378391,18.437083694283324
-57.827566959224,-62.22219599214189,17.565506900226097
3.874393219835911,-33.124000549316406,0.11501862873826468
15.95370167409991,-41.125999450683594,2.5034499438030897
50.30073090732867,-33.124000549316406,4.650187375550744
31.41350415195783,-36.284103613872816,0.0
-75.16357060672378,-48.812219770155515,20.000999450683594
-31.921400391614547,-27.207864900599624,15.95475560789068
-49.57275765254591,-8.046880813137996,14.755788251732639
-77.23349519640637,-44.34799779083019,0.0
-65.23843651477983,-57.17325569016685,14.966697782019729
-42.40473960836498,-10.700083724523449,7.55113145261381
-35.196765554794794,-53.92219215977543,0.0
53.182194176486355,-41.125999450683594,6.71946930394048
78.2043190912574,-33.156047011145915,13.786313539625887
-79.8494795783911,-46.56706853911645,12.848629129652473
-38.31212193113444,-16.67663177776455,10.28455422767045
1.218989697582598,-33.124000549316406,6.426579722560361
-68.38418842002571,-11.121762545150064,0.8167636596371695
-29.856120439362172,-37.59055115160755,0.0
-75.15232503702372,-49.951539039477005,5.96353708913228
72.30363314409834,-40.70054381403254,0.5432517255738146
-52.07143705328957,-7.787762186995847,2.750867964392837
46.61799110553024,-33.51513859255298,20.0
-55.2955013254805,-11.026089273136982,0.246156403928604
-77.3691598806688,-19.116497302582495,0.3475373334295378
54.05087127060139,-41.125999450683594,10.508504819638308
-32.97300792442918,-51.30051072369431,0.02134705173985085
-54.39562377276201,-62.441406809786216,17.566350552333184
-78.69516789118829,-38.127059035846706,0.5665970494847481
-69.7887368506758,-55.5798250147798,2.9145758126113135
0.6711048151331811,-33.97090038617996,19.999999999999996
-31.584837779434277,-19.633376874256484,11.203360888254169
-72.19248904990216,-18.294505506564622,1.94398577428899
45.90088080058687,-36.36004977096898,0.0
-75.6684007738692,-22.597330318014688,19.49937252744921
-70.88797208586745,-15.50848122987643,4.931195402391042
39.41339579762094,-33.124000549316406,18.595061762018737
-80.17984872030493,-45.948975186635025,3.7247798271283483
57.76786504548882,-35.71197317001703,20.000000000000004
-15.003000259399414,-29.405060043361637,3.073576231739278
-53.88566661312095,-60.05035900203738,20.000999450683594
-73.51825989880925,-51.24338156762018,20.000999450683597
-67.58934581733877,-55.82076444459025,16.55726920215252
-39.42685920914676,-57.62382678053561,0.12932194970768887
-9.706694788399682,-41.125999450683594,13.518825301434404
-36.58701585949088,-52.14000472247201,5.565326830052073
-33.680890290949336,-47.21636769613397,0.0
-76.33273599593178,-17.853392830737892,11.491382179775076
-78.83817531634708,-30.64469520927107,0.0
8.94879699500178,-41.125999450683594,2.9568212213910012
-78.81738422125825,-42.2411089676351,1.996999979019165
-79.79448927271864,-45.58017820731376,20.000999450683594
-29.755778891812444,-36.1410113897849,4.035582509958614
62.05505086965185,-41.125999450683594,5.517968272362651
28.87482160005822,-34.323137903456356,0.0
-54.5519540628309,-10.427993996067137,13.773229261687192
-26.952122430349952,-40.169531245629194,0.0
-34.593549761823404,-16.724515081764324,11.717679591609768
-61.46967214090347,-61.6368949420483,14.235672481154305
-82.34349143880995,-36.59741364944489,2.803621944065586
-71.88713810566048,-13.454358228714465,18.221056475984604
-18.11406030560856,-30.99699974060059,13.329191425745602
-69.32701120636035,-14.038608222175577,2.84781074528004
-11.860902681672501,-33.00299835205078,12.62286336091061
3.3245597034155754,-41.125999450683594,9.975814814884398
-78.07099512228775,-49.89446592690195,18.068736849600405
18.390304469549886,-33.124000549316406,12.113867946420907
-46.216942116914986,-58.2630348732383,9.956895894805392
-48.88573491601744,-11.238827235960484,13.400546139161163
-22.712707857349308,-30.996999740600586,17.24707952298238
48.71527664474795,-33.124000549316406,15.677695040068178
21.027119606203886,-41.12599945068359,19.31338964325281
-78.87734566035468,-48.38585073220868,2.663699774821069
-38.938329755157504,-16.747467166768445,16.270476508214966
-81.98920445513855,-40.19051889409346,12.698575752884777
78.89538766320106,-40.8542944590163,10.105599132517208
-44.57981642706728,-12.398697397888377,8.79928934350232
-32.72540765360952,-25.77143596454249,19.94949793865149
72.85157795319367,-33.124000549316406,5.403196960843098
59.65966959058359,-41.125999450683594,1.9961004368092226
-40.71114501842235,-54.6909392711044,16.28863065315438
-23.238953072816447,-34.062934418118594,12.47761879036197
-33.47255353381899,-18.090688864769604,14.589084870875112
30.14068424798586,-33.124000549316406,13.74528278329635
-36.118916084725896,-18.604539574596267,6.977547189475519
-79.17084623945111,-47.83673541278738,10.167407736619449
-56.542420741438306,-7.7844551946205875,20.000999450683594
-12.81988301013104,-33.00299835205078,7.885818424154261
4.494981149285248,-36.66386608666177,0.0
-43.467721483397185,-56.960520090721545,9.564272990539191
-21.600415851881035,-41.125999450683594,11.882981203268612
-60.95546456765652,-61.79288138982704,18.047932692544094
-47.616973854587336,-8.640175001191377,3.2615641874825676
-30.036877930927062,-34.80499918135909,8.905188797817138
-30.922895744655023,-33.03526822339438,18.48419531959094
-78.77213123603303,-43.300130089721065,5.225907785109688
61.91784567988958,-33.124000549316406,3.5097039024846106
-49.04771152847593,-58.94271769763411,11.67307699685579
40.95428824765695,-33.124000549316406,3.005037856124159
-81.26563234820779,-42.69352771433628,3.6390998006873065
-65.46419903130833,-57.07378237007164,0.0
-73.55721971236132,-50.76183823011545,15.638335692488955
-14.924993201648176,-33.00299835205078,15.407220677020305
70.6804103736057,-41.125999450683594,9.223244685894137
-54.28596356986502,-59.99684972097414,7.829256662659216
-81.42294161904191,-28.795087281434665,20.000999450683594
-51.86285653234226,-10.590520669661858,12.657535454995525
-72.90371699077114,-14.59959800711987,0.0
-33.36804007385313,-23.457013354207554,13.379904269192002
20.29488175102838,-35.40305445362931,0.0
-77.56532575508075,-27.097400460256345,1.0655647908649575
22.812254077717675,-33.124000549316406,7.813980069957599
69.28026987091128,-38.27213989185413,19.97134984085014
-82.09599799163881,-39.10744095508136,9.670767906351198
-2.850330070676456,-35.935331773840666,20.0
-16.472705671923897,-41.1259994506836,0.5008274185309366
25.05837385642873,-33.124000549316406,10.448427387864065
-25.788324650619032,-41.125999450683594,15.810410111550361
-76.16956262566286,-46.70507098583605,1.996999979019165
42.744893598145794,-33.124000549316406,18.374757309705394
-53.9689648165879,-62.399337428471966,4.995651719337748
-42.088586731962835,-55.43916254458229,19.095619287799536
-81.14805899696346,-43.08110571495742,17.47160464820965
65.57009150059312,-41.125999450683594,4.901908269699447
40.79512364791653,-35.04954626116493,20.0
-68.9799055119301,-55.52596680521885,10.257491984612205
7.3764483872214965,-33.124000549316406,16.476688339882305
34.55809899016715,-34.66715877259366,0.0
-16.40887543198728,-27.40643004491008,0.997444009548833
-9.11748979366944,-33.00299835205078,10.364452263194547
46.99300894128727,-33.12400054931641,2.446907402460151
-78.2371073454328,-20.416316031326613,9.784807032321687
-31.721700757835222,-25.925773941396404,8.691950547126362
-27.060394420093196,-21.950774047675925,14.975419517306943
-58.491875089716814,-59.29312459137616,13.76679769543474
-68.14773615615385,-13.894447716056357,9.777562989120643
-24.92085350414653,-33.00299835205078,3.1840049465860885
8.615779797140354,-41.125999450683594,11.04070407140728
-61.15915339851803,-61.73109175694073,5.923320560621031
-78.78068626465955,-38.97012732612241,19.97017975059655
-41.4260923715289,-15.23802567009349,1.3793125206187606
-67.51886894326998,-13.872088144159415,13.361927758753987
-49.1651240571109,-8.170537959331423,11.39126626919176
-16.35493725099864,-30.996999740600586,9.413308705850776
26.698410772878688,-41.125999450683594,2.7717468109886636
-30.936971184595404,-19.96521086311993,7.492415812744711
65.65330748946832,-34.8184014195381,0.0
37.59560615911707,-41.125999450683594,16.888359705247634
-60.494554676652044,-8.067300226012089,3.51678652474457
-35.8046406572204,-15.348340520999676,1.1391281351481957
-23.435845555071708,-30.996999740600586,5.9602815166687
41.94665840042704,-41.125999450683594,0.19693238276136726
-18.00273323122052,-33.00299835205078,10.915141105533076
-42.433573197648435,-56.01754860483169,0.0
67.50077229389105,-33.124000549316406,5.091424337387107
-69.57121743114894,-16.056324177554494,0.25594911327085335
74.38946895807442,-41.125999450683594,6.626484166007612
24.44136252786932,-33.124000549316406,15.972991088036357
-24.373461429116645,-33.831333184290486,20.0
-19.82339668591822,-33.00299835205078,14.700570974270564
28.086232595571158,-38.82315913601865,20.0
-28.312389242036794,-41.302484093257696,10.784610921228095
51.34778347384204,-33.124000549316406,1.5760552912437074
-31.524580037790233,-49.137826766862645,14.736017448113394
26.498098933405146,-33.124000549316406,6.907522014495382
-0.06064737579069135,-41.1259994506836,18.553102740663476
11.238560415468786,-35.54517746875408,20.0
-32.97815874901099,-22.51282685901223,2.9962100370710285
49.60905690418666,-41.125999450683594,7.496311529118
19.72335704551639,-33.124000549316406,19.899472276378983
41.942777031818466,-41.125999450683594,19.888288752463335
-24.559251254694566,-36.51009493918711,0.0
-30.03582968683125,-33.00430646152694,6.704611772048562
-66.29317585915229,-57.37627043589069,6.115588811877329
-76.39326331105632,-23.078304440773216,13.879606446555538
17.326886070535544,-36.50014275404942,20.000000000000004
72.5746790606379,-33.654379444011575,0.6288451022494037
-68.15323990776267,-10.998321168368397,14.930133167858308
49.29944251250612,-33.124000549316406,9.208155329068315
-16.624888028316263,-27.295789259397782,10.150858764995416
56.5298157323911,-37.12705915022032,0.0
-3.813330555473038,-33.124000549316406,10.865230415922019
-75.17107761287633,-16.52251064209796,0.0
-30.154485008862526,-37.779665472501065,7.3214137318023385
-61.82019934779308,-8.469439101524085,16.832569201392936
35.92267700731027,-41.125999450683594,13.115636348898947
44.36303589774696,-41.125999450683594,16.8161354837401
-27.663000106811523,-24.271337219286124,12.236533535946036
-20.208088801138786,-30.996999740600586,4.012860182130251
-70.76848819958003,-55.346890862448774,0.0
51.471963423336845,-41.125999450683594,3.7087805058365633
59.23056766702289,-38.77577878572048,0.0
-37.04919678902233,-55.6728642992051,1.252567864044152
-40.411370596273315,-55.18237149597819,8.698056920979509
68.04368885155391,-41.125999450683594,19.4067629753905
-5.521818092905147,-33.12570001911118,20.000999450683594
-22.31256604065137,-24.382588225563783,4.801613228983902
-64.94168419990633,-9.416352279454411,19.845551111312435
-72.65623047517649,-53.10611252097579,4.403230449923548
-78.4322109892637,-20.781338673016066,2.4024597794549942
-63.94119176671333,-12.29847389914713,16.551018459867123
-15.012667692867991,-41.125999450683594,16.66727728339199
-14.532292631666234,-41.125999450683594,4.5421140053546205
-63.92770800454372,-58.347541504377745,8.346231649183839
-27.387472703950323,-41.125999450683594,18.98514252175639
-68.62587178173462,-14.581768388351541,20.000999450683594
-75.73423524952936,-21.448324828617604,11.691824035811608
-38.20193676781551,-13.381268946656899,4.298619955052327
-79.04834202497449,-21.93406844200463,17.512050413576922
-33.51591708880692,-18.03784109375803,0.06737401653086338
-39.6056318299917,-54.28719974639587,1.996999979019165
45.50149004710036,-39.697900315663624,0.0
41.50124541689329,-41.125999450683594,7.193254143595395
-13.479087184378624,-33.00299835205078,0.37166842892785784
10.663330478965808,-33.124000549316406,6.072903669588001
-21.19865696816023,-33.00299835205078,8.288146896547488
78.73251988955037,-35.50995473650809,12.113694189397185
-35.83507003876014,-54.67662710535766,12.30539177102061
-78.04363580913541,-26.547898766692054,13.97799595497144
-22.31033227732628,-37.28505007515589,12.228947216810688
-47.02514118657622,-58.18310053120869,13.947993404631362
75.747711913641,-41.125999450683594,16.67890146907274
-74.36170224546335,-15.484831125567363,16.84299573729573
-66.1880465635402,-60.05207131699772,12.504367914142108
-38.82484047689167,-15.91952880044408,6.767121895044812
-77.33532209403515,-44.4454810110537,17.905357996401946
-74.75079436572952,-15.925458153882545,12.895504317604093
-15.003000259399414,-29.184011284489824,7.406065527263036
-27.919727053161907,-41.125999450683594,7.0551643734013485
-79.5449727406685,-30.453551426790014,9.144664310641621
46.27049571755161,-41.125999450683594,6.124287355948995
-8.821077520353786,-41.125999450683594,10.0958545724065
57.14951278759242,-33.124000549316406,18.222677028338182
-77.86915471269994,-19.727907350793934,18.86597128072909
-20.873841107811472,-30.83325967265062,20.000999450683594
-56.84313699276105,-7.68073703530304,1.8099017017188945
34.093743046705185,-33.124000549316406,7.884550748137551
0.948494266786571,-41.125999450683594,6.65409741930126
33.070906765644025,-41.125999450683594,16.64287421885967
45.799155788810054,-41.125999450683594,19.530247772938903
-76.0178560492937,-17.469644178714407,18.746747681973154
-18.98194017475704,-41.125999450683594,9.133609270750743
-31.46023116021898,-48.40384004802969,20.000999450683594
-40.72163196150536,-15.01612829880107,13.352038794295266
34.929385977134665,-41.125999450683594,8.674982603576465
61.85276807089437,-33.124000549316406,12.993117532160316
20.37028196936155,-40.123446996362745,0.0
-81.64525390794702,-28.55788762912327,10.773529855266297
-80.68983349273711,-36.44461851873601,20.000999450683594
-51.425456376017856,-10.348157298588356,8.918850604477019
1.2702083600293292,-36.82020236399821,0.0
-28.653425940417733,-42.42670609564711,16.133195551431253
-64.41132842432181,-9.255467028785182,10.38905868800277
-49.72118728563491,-58.70063356557242,17.2427912261929
51.332127396981136,-41.125999450683594,10.04545583477969
-45.50871599619565,-12.32047065862255,1.996999979019165
21.93405543994591,-33.124000549316406,11.981500655735559
-67.70782211917674,-56.05118443525418,13.11030915900444
-39.45809889448148,-53.44120351241196,18.681736069369567
-45.47052230615007,-9.291308950636738,18.47114054778735
-80.03483221102492,-35.582632327193686,7.484820475001367
-66.34605820695472,-59.96761447447437,17.699935535880453
15.620887876746249,-33.41821452168689,0.0
-67.84356226169851,-55.528059861929165,0.0
-31.851684398522153,-43.94062597951732,10.84433886001623
-38.36274553109915,-56.75068102015771,19.804461339702442
-26.229779154727822,-30.996999740600586,16.190641934492287
-66.5589879723242,-13.674834426958112,16.906038761961128
23.86462842163173,-41.125999450683594,19.96455433633172
72.8941864830922,-41.125999450683594,13.30430649116382
-40.064622116800635,-54.63066505326617,11.486495158412499
-6.148651108670401,-33.00299835205078,3.331878219295415
-42.25015115251782,-13.758361533762773,10.603294183870526
-71.06292966715623,-12.77806422250066,13.628273668555341
-54.32280693493483,-59.71494833462951,11.604897559878387
-26.835978468120896,-30.73729821786447,0.0
-68.66944652360161,-58.72576901967541,11.552574421807305
-14.196939141761561,-41.125999450683594,13.130959739898225
-31.22064297886861,-30.533540442733372,0.0
-74.66789101833135,-19.84312118929564,9.244213775354192
65.2652469741131,-33.124000549316406,3.072545214250483
-77.56600235754951,-50.64360789842665,9.941241751353596
7.001384042572777,-41.125999450683594,13.64284935182663
-54.61867930499781,-61.53258374688108,0.0
-24.52588488548692,-30.996999740600582,13.283507833512841
-18.56041234065614,-26.30442283257904,7.127405147036488
68.39719268110815,-33.124000549316406,8.542671207957135
-51.337408380788574,-59.23279466447739,14.360409235699606
-33.42790861454202,-23.963913122822724,17.189195797533397
-49.62971259838629,-61.970396680522214,11.92418558242932
-19.74162424218838,-41.125999450683594,5.516590769218361
-65.29480675443271,-12.264340425967903,7.980781071150631
-31.921156921621225,-28.524241519562022,1.9969999790191653
-60.70966786952954,-61.86744457366828,0.11691582614117328
14.781453182757307,-41.125999450683594,19.922363705610426
-37.07401774462446,-18.812551866082366,18.586442735756656
-42.535074170059296,-11.115751740925765,20.000999450683594
-22.83609063481363,-33.00299835205078,15.171332696449195
-79.02183166706867,-41.30889153515904,9.351824125439734
-50.096655455915936,-62.01752039005424,3.7526294343878654
-81.08034930328526,-43.30430925062883,9.922242064730922
29.1447818986284,-41.125999450683594,6.117180287795111
10.027375497833821,-38.935793114741955,20.0
57.103327366125335,-41.125999450683594,10.287361963677387
-70.48505477911993,-12.762210179983251,0.0
16.249669459869143,-33.124000549316406,15.731286942082452
5.893094150037429,-33.124000549316406,9.643113166073071
-82.07258351749722,-30.655095840076985,5.0686326228681
-54.89545692450855,-7.509308227054135,5.196361892699576
22.108482113054592,-37.70361173054164,0.0
-64.16658029914139,-60.81877956320881,14.45918178589926
23.804988480876805,-41.125999450683594,14.92750119789477
-68.05699548674268,-10.946878776634213,11.185376726343355
-72.12174313108322,-56.24107393888761,20.000999450683594
-7.506919991542329,-41.125999450683594,7.152423456757193
77.2896570424105,-37.56408780897326,4.388062420298135
-57.47827027559076,-62.256637306833454,2.2943317502201714
-68.94017058682752,-58.581067660452334,14.81664851645446
-77.62187054335237,-26.661426973855896,19.784511779701653
28.806625654380525,-35.52131720727561,20.0
44.066087663205714,-41.125999450683594,13.492223730351666
57.3417953784903,-41.12599945068359,19.801297046046816
-32.701716748939454,-50.96988476904581,18.435457856252196
-69.85247112672542,-58.09344522094644,0.2294375445869532
49.21974111270269,-40.53427286250061,0.0
24.21947760682404,-41.125999450683594,8.800312033589298
-21.95405752564512,-41.12599945068359,7.338850296093051
-54.97237073712431,-10.849131418371986,19.85711844666576
-43.98166463839791,-57.41061192737591,20.000999450683594
-47.90127623640712,-8.553930830972014,0.06565377861300843
-31.76727947414873,-49.59189768885551,2.6096491426866497
-73.05292012859091,-51.72508990079986,12.764687874083108
-18.441372533049137,-26.36539516375062,19.865581444107857
-81.98752132014471,-40.12862467059847,0.0
-49.23284945770157,-61.85000693800402,8.931429621382437
-8.959887424888223,-39.00022117215658,20.0
-67.23980626891304,-57.191994103637185,2.4999835533875596
-20.638368863996185,-25.240104056907704,17.21131576708494
-30.937753910601387,-37.44372743557171,18.095025827200068
-36.09702128670412,-15.108431223769351,13.564741765223257
-36.944079264002525,-18.508913523973035,14.696991241886987
-38.55214292267719,-52.96398740298157,16.009120032100213
68.77799464200184,-34.04303605738016,0.0
4.082789569829411,-33.124000549316406,17.890433185913096
33.44395136421844,-41.125999450683594,2.4043843558404663
-62.24420625537827,-61.401937637865686,2.6623600522379194
-63.98501977926194,-58.77472982642219,1.996999979019165
-50.497650707554975,-62.05705928148563,19.32428517585049
-8.490727941489745,-33.00299835205078,16.701868263987535
47.49781990571775,-41.125999450683594,15.573843705023686
35.25291138776579,-33.124000549316406,12.578958230750235
21.531679403963004,-33.124000549316406,1.7592755587171962
-81.06188161944962,-43.36518756957928,12.919880903936024
3.7997385709330467,-33.124000549316406,5.073234523212932
-76.70841096070627,-51.452016306422145,20.000999450683594
24.687139124421865,-39.76111359448598,0.0
-68.19446299143219,-13.653701033805486,6.647749231318987
-50.01767300656635,-7.9902673950591145,17.788613399407772
-74.5127864430198,-54.36460453844599,0.015557747892694321
28.627981333628412,-39.219365622971765,0.0
-82.2099237913394,-32.04797197029852,10.83135803939508
45.66379185343333,-33.124000549316406,17.37599529131731
-46.381251591651164,-57.67686812357696,18.050915056422202
61.1102449541724,-33.124000549316406,16.011468983543455
-31.18119620008876,-48.49538351226753,8.672497585068992
65.05365594721275,-33.124000549316406,12.011214891815039
-37.05648251023679,-55.67884251066967,4.434808230983184
8.78675948832617,-33.124000549316406,13.163999819770416
-79.56421659696215,-42.38293788878804,20.000999450683594
-31.76593009439456,-42.501777170909754,15.038157054354967
76.61880233139446,-33.606916098746396,3.6140011093162947
-29.58060015667568,-23.436378253414667,0.0
-35.55302215543088,-54.444806392699405,7.485192820244415
-24.44169164238702,-35.200885403553855,7.795695534003068
-55.738440947217285,-60.30223625536492,3.7568221893586946
-80.04841399624507,-38.367778357789284,3.921935194162215
-25.639845323724224,-39.53264011215273,9.282430500657863
-33.521653331446494,-45.842278998270096,19.4791836189942
-28.773591218604558,-42.8228290064723,0.29656948288079454
9.617674733528798,-33.27696074332407,20.0
58.77445398566563,-41.125999450683594,7.007726420543712
44.037386640965984,-33.124000549316406,3.2326007880504597
-34.20481973375893,-47.62675777655731,16.630619325610915
1.1732691539943545,-41.125999450683594,3.420157464971744
30.315513442760412,-33.124000549316406,7.997214196931292
27.180867471095613,-41.12599945068359,12.571645314941666
-42.67383092977033,-14.325266382690026,19.892597099381767
-82.11848635569905,-31.120632756904726,14.742128529135819
36.34243858371848,-33.124000549316406,18.892109888446484
77.32198253163607,-35.52076267102833,15.45848292777681
36.771344294792016,-41.125999450683594,4.333160736915278
46.661080077784284,-33.124000549316406,5.9190416294241555
-81.20179484877434,-42.903966645720104,0.23264737669508984
-44.41042340172633,-9.628051834172773,0.11476501212119869
43.22227821620618,-33.124000549316406,7.100868061714149
43.619543563802786,-33.124000549316406,15.025225338833748
-38.429152808397255,-13.19482964419121,13.905072902780125
-78.48352876619097,-26.351011564161634,7.633302196320625
-51.36963916406639,-59.58214542508475,9.775261208606324
10.502183280495045,-33.124000549316406,16.399057048047418
-25.515177465917958,-30.154204149576895,8.816881011749857
-23.89424932298956,-27.387498586794212,0.0
-72.8206294829458,-14.220322994200295,11.127381577906032
70.3272551728157,-37.027151478147935,0.0698554890837584
-24.442362837318147,-24.407473941866172,20.000999450683594
-81.10745942272877,-26.785058469760223,2.610559489923969
-4.3136652608813755,-35.516250046276134,0.0
38.180746176340556,-33.124000549316406,14.423387151490077
-59.30294904868755,-62.0767205232512,9.00261758442389
-4.285987425572009,-41.125999450683594,17.80387279326958
76.22589260514965,-41.125999450683594,13.193610025330324
-21.396691710239807,-38.59166011222983,20.0
27.628146161696005,-41.125999450683594,9.406154349352777
-23.26651550425632,-41.125999450683594,19.15596050017168
-30.4241897169169,-37.780824007359584,10.889195023088277
-4.562812305548783,-41.125999450683594,11.421861668178478
-16.513694031763745,-30.996999740600586,5.232768860456544
30.405536552926854,-33.186305073432216,20.0
38.9887653745205,-41.125999450683594,14.186569177460877
47.43830442300374,-33.124000549316406,12.57593108381209
-79.82191612172161,-29.61239363034712,2.5133732278917735
25.751215350399324,-35.17117611444215,20.0
-71.05922346775625,-52.722758194262866,1.4119832458354988
-64.68985703505099,-9.339959641892543,16.784026918767534
-72.18663520188234,-17.611305397670478,15.751992698230769
-26.604136379894193,-22.184467658422285,19.419272365469677
-44.52242329675496,-60.421083627844936,0.2192701385117199
67.81355613367438,-41.125999450683594,9.958852879450522
54.76864193352506,-33.124000549316406,14.205111242447192
77.4418650695462,-38.802937639769354,15.232036623665714
-8.131919126722286,-33.00299835205078,7.452690798470986
7.22026350011005,-37.89354843214988,0.0
-73.5084633119372,-55.215282968441535,13.686620768549536
-46.54514197376925,-58.04300982622634,0.0
-6.821677209726952,-39.96627092032235,0.0
-67.65078259769777,-10.729759048090326,6.596285892403788
-19.508669149918415,-41.125999450683594,0.3240299150780135
-30.626312560776114,-34.052265882110234,15.7930873294057
59.49222379911776,-35.441937539243995,0.0
-49.39492279451836,-11.351791079481888,16.715830488055634
66.01962830850609,-41.125999450683594,16.718772275906705
-28.202712379718086,-21.365684462682378,5.206196505269056
-37.01908735675923,-51.34570133494292,20.000999450683594
-8.7530549155044,-41.125999450683594,17.30736218669403
37.67234025027143,-33.124000549316406,5.3913923359549365
-70.47566213192596,-53.88365901256341,14.669105307412252
-30.97108022576147,-41.562203589091254,8.332004191739037
-21.62868152554856,-27.400963069128764,20.000999450683594
-73.16557842854965,-17.653630279055413,6.388998112047279
-42.613944762646426,-56.77318883021496,6.5522814688707305
69.30949664394768,-33.124000549316406,13.97751211320135
30.43295607879518,-41.125999450683594,3.2380685050059683
19.68280271921588,-41.12599945068359,12.155975863344896
14.060986731120703,-41.125999450683594,16.720628617987828
-30.305063851102886,-34.97536268377988,12.660797028027089
-61.09950368479469,-8.646481181928188,0.0
-60.25963179031914,-58.733097788028374,16.900449063983846
15.663358241247087,-41.125999450683594,10.279178466672942
-40.28297357866955,-15.99700788625092,19.802093349387665
-21.837517691785735,-38.824861606800575,0.0
69.0368990908692,-41.012924550019754,0.0019420842880370146
-16.53960156631501,-27.33947258311072,5.136268877392314
-26.37173322305007,-27.839376984825115,20.000999450683594
-0.18866580765563867,-37.404271558972724,20.0
-4.571783272062101,-41.125999450683594,5.209230124329688
-19.4807863821125,-30.996999740600586,9.016377009169702
75.54563577061387,-41.125999450683594,10.394240854838873
-13.150301353300765,-41.125999450683594,9.757504129888245
-35.320935652643584,-21.27513000984222,0.0
-66.76951160341402,-59.741279654786936,0.15181983016654388
-17.179512327894727,-30.996999740600586,0.4177327625800221
43.44542703349825,-33.43438561385551,0.0
51.239207076365695,-41.125999450683594,17.4714353954265
-31.123635633721026,-42.804029832384785,5.71777917409135
72.79857849621047,-41.125999450683594,16.13438610319088
64.71145253747105,-38.74462605944915,19.999999999999996
58.64409645585188,-33.124000549316406,8.240329066838973
69.32485231252438,-41.125999450683594,3.153760464103077
-52.963787939150365,-7.6997746199260115,12.220464515367434
-80.6391743973732,-25.241365905663905,0.0607746677375527
-47.20740253786667,-61.09132110495282,0.0
-61.03214941172526,-8.230381439967736,19.73239765030856
-44.222334346835126,-9.728584862228683,4.643669474784893
43.97968157732356,-38.56298446991766,20.000000000000004
74.9285899822315,-39.58226577161196,1.9714446955459117
16.90044573847818,-41.125999450683594,7.054970669448631
-12.172001806406449,-33.00299835205078,16.674962807841055
-24.033537310770306,-23.501115219537322,15.368358450871945
13.234018152313038,-41.1259994506836,7.821997892174655
-31.585439915285335,-27.321736689556353,12.080127897358386
-6.229409945142201,-40.96643436286341,20.0
52.05909869521909,-33.124000549316406,11.911268815393967
-80.95271565602019,-26.274948624101775,6.606175305194714
65.53539105445662,-40.91822991291647,0.0
14.47501521159561,-35.88057252016724,19.999999999999996
-39.587643511773756,-57.75575641838375,7.482883428893485
54.37824565503007,-33.124000549316406,3.8544741945906633
-16.31121686039123,-35.141450628064085,20.0
0.18612638267606396,-33.56502556793592,0.0
18.226567685964156,-39.2053383340972,20.0
-33.90568317662111,-21.17010212893306,5.646104180901262
45.5799599852956,-41.125999450683594,8.831008640019556
-82.2721298295221,-32.67885250749544,17.908683466069377
-82.00458419289178,-40.034540777681286,5.966637721808355
-48.15336750757041,-8.477458019306287,19.970007752874565
-6.269820627104693,-33.00299835205078,12.969178276788353
-11.1788619095263,-41.125999450683594,1.1905261302512866
-42.35223294358963,-56.07278841787638,13.224262755632132
-78.01822959506015,-44.10592410105261,11.898722020088924
-30.212332703916644,-30.996999740600586,9.18074929921068
63.42111643668135,-41.125999450683594,2.637488248923465
-69.28220900125697,-58.39824895241179,8.356550960619497
-76.59449128696355,-50.366633671288696,0.0
-28.68292785998831,-30.67839103265021,20.000999450683594
26.79112255428335,-33.124000549316406,12.847056629789988
31.812431330428016,-33.124000549316406,16.29054894772912
-35.04401147038039,-21.309311418966338,18.57064982573508
-46.99273649627001,-61.17046128361767,5.001514255315119
62.797222046227255,-35.65454988263256,20.0
14.566803353202307,-36.81524844134174,0.0
-43.97536104484545,-9.860591341352908,14.337770692093665
-73.39087273913346,-19.275095952167028,20.000999450683594
69.92653592491932,-41.125999450683594,6.444303471733959
-61.29706214256785,-58.84511445898528,11.65579869474121
62.871754822731376,-41.125999450683594,13.90481330670078
-82.27318143825589,-37.31048311963561,12.179259093579649
-14.818416737080842,-33.00299835205078,11.406744133057302
74.85184919390598,-33.124000549316406,8.570876373122438
-19.879517638620563,-36.12054398515855,0.0
30.500907647122467,-41.125999450683594,9.255773487534173
-64.39773377959467,-57.31742448464408,18.407871798426406
-61.74304371292979,-11.34039513944714,12.385238153475312
53.00322716651389,-38.80178297461536,0.0
37.914347047403616,-38.79932509120256,0.0
-34.65437322340667,-49.10063629125934,20.000999450683597
34.98388266048625,-37.65081334381559,0.0
-48.51751778972385,-60.06338451046473,20.000999450683594
-34.95612254152995,-16.28264256364869,16.949522408063757
-65.8420593604023,-13.264898571758405,20.000999450683597
-32.339265841005165,-43.85281458141585,17.397283824473874
-78.61565079419054,-29.67360912093624,18.156249819230595
-24.981619328816045,-26.24900054931641,6.153032468812622
-35.83975528156617,-19.499755106929165,11.605431666225606
-36.6604951289875,-55.35391979777366,16.595707267139975
-29.699561494675304,-20.59900612956144,19.213888013572845
-53.920188210840934,-59.29812019436098,16.633005926510485
-2.2780765407785797,-33.124000549316406,4.750295394312305
-78.97274011099181,-46.948590436180176,0.0
-77.79457413023204,-44.063546504662625,14.817328693244573
-13.355192472608334,-33.64105176948168,20.0
-15.003000259399414,-30.355888230044993,13.342325684984415
-0.4985607537036043,-41.125999450683594,11.333254777800718
-76.67155205811078,-18.26631276588551,15.758259265583153
38.043685104094926,-33.124000549316406,10.455412379354643
-37.040868961284545,-53.02199251748187,2.7304580328950356
19.90718294601818,-41.125999450683594,4.707527648540861
-10.2307731120487,-41.125999450683594,4.226514904163626
31.120504132772055,-41.125999450683594,19.50301161315072
-79.58071767355432,-29.549793100191398,5.3661760084599806
-52.37117863787928,-8.77045460319683,20.000999450683594
-25.46563880828274,-33.00299835205078,6.3937252003791265
-24.52521995888874,-37.82235700269003,20.0
-72.14306867457475,-56.33564121911558,10.057552971903998
-82.4498571205527,-34.48132525958798,13.868034822174577
23.736688083511087,-41.125999450683594,2.5977726889381336
-46.623688505978585,-11.26082342472479,5.367929023140772
51.82143205916954,-33.124000549316406,14.826044776808121
-29.345242455941804,-24.9114650200163,20.000999450683594
-41.90537271037792,-14.45314660336937,16.701771577128127
-64.44424756445882,-57.89939108786746,11.250055830000443
28.860494878703626,-33.124000549316406,4.8333756819382785
-39.92805464135153,-57.97613668464392,10.5763408305459
52.942313161834356,-41.125999450683594,14.549146451118421
-64.74479011085083,-12.377294174741479,12.68027090279765
-64.56119510017693,-11.422680384675159,0.0
-21.596861312930677,-30.996999740600593,13.203268596101788
-32.549236540427344,-43.28024288828434,0.09128944519891963
24.901530549462528,-34.031958675251886,0.0
0.2281617302988237,-33.124000549316406,11.24825458230609
-71.530861342729,-56.83798062824164,4.927788190485753
32.00118119977591,-35.83275267658965,20.0
59.64774409912532,-41.125999450683594,14.627735153750843
59.53954807884669,-38.31055078557097,20.0
